,position,points,constructor_id,nationality,year
0,1,48,vanwall,British,1958
1,2,40,ferrari,Italian,1958
2,3,31,cooper,British,1958
3,4,18,brm,British,1958
4,5,6,maserati,Italian,1958
5,6,3,team_lotus,British,1958
6,7,0,porsche,German,1958
7,8,0,connaught,British,1958
8,9,0,osca,Italian,1958
9,1,40,cooper-climax,British,1959
10,2,32,ferrari,Italian,1959
11,3,18,brm,British,1959
12,4,5,team_lotus,British,1959
13,5,0,aston_martin,British,1959
14,6,0,cooper-maserati,British,1959
15,7,0,kurtis_kraft,American,1959
16,8,0,porsche,German,1959
17,9,0,maserati,Italian,1959
18,10,0,cooper-borgward,British,1959
19,11,0,cooper-osca,British,1959
20,12,0,tec-mec,Italian,1959
21,13,0,connaught,British,1959
22,14,0,jbw,British,1959
23,15,0,vanwall,British,1959
24,16,0,fry,British,1959
25,1,48,cooper-climax,British,1960
26,2,34,team_lotus,British,1960
27,3,26,ferrari,Italian,1960
28,4,8,brm,British,1960
29,5,3,cooper-maserati,British,1960
30,6,3,cooper-castellotti,British,1960
31,7,1,porsche,German,1960
32,8,0,behra-porsche,Italian,1960
33,9,0,scarab,American,1960
34,10,0,aston_martin,British,1960
35,11,0,maserati,Italian,1960
36,12,0,jbw,British,1960
37,13,0,vanwall,British,1960
38,1,45,ferrari,Italian,1961
39,2,35,lotus-climax,British,1961
40,3,22,porsche,German,1961
41,4,14,cooper-climax,British,1961
42,5,7,brm,British,1961
43,6,0,cooper-maserati,British,1961
44,7,0,gilby,British,1961
45,8,0,lotus-maserati,British,1961
46,9,0,de_tomaso-alfa_romeo,Italian,1961
47,10,0,emeryson,British,1961
48,11,0,de_tomaso-osca,Italian,1961
49,12,0,jbw,British,1961
50,13,0,mbm,Swiss,1961
51,1,42,brm,British,1962
52,2,36,lotus-climax,British,1962
53,3,29,cooper-climax,British,1962
54,4,19,lola,British,1962
55,5,18,porsche,German,1962
56,6,18,ferrari,Italian,1962
57,7,6,brabham,British,1962
58,8,1,lotus-brm,British,1962
59,9,0,emeryson,British,1962
60,10,0,enb,Belgian,1962
61,11,0,cooper,British,1962
62,12,0,lds,South African,1962
63,13,0,cooper-alfa_romeo,British,1962
64,14,0,team_lotus,British,1962
65,15,0,gilby,British,1962
66,16,0,de_tomaso-alfa_romeo,Italian,1962
67,17,0,de_tomaso-osca,Italian,1962
68,18,0,tomaso,Italian,1962
69,19,0,lotus-borgward,British,1962
70,1,54,lotus-climax,British,1963
71,2,36,brm,British,1963
72,3,28,brabham,British,1963
73,4,26,ferrari,Italian,1963
74,5,25,cooper-climax,British,1963
75,6,6,brp,British,1963
76,7,5,porsche,German,1963
77,8,4,lotus-brm,British,1963
78,9,0,lola,British,1963
79,10,0,stebro,Canadian,1963
80,11,0,scirocco,British,1963
81,12,0,ats,Italian,1963
82,13,0,lds,South African,1963
83,14,0,cooper-maserati,British,1963
84,15,0,lotus-ford,British,1963
85,16,0,alfa,Swiss,1963
86,17,0,gilby,British,1963
87,18,0,tomaso,Italian,1963
88,19,0,team_lotus,British,1963
89,20,0,lotus-borgward,British,1963
90,21,0,de_tomaso-ferrari,Italian,1963
91,22,0,lotus-maserati,British,1963
92,1,45,ferrari,Italian,1964
93,2,42,brm,British,1964
94,3,37,lotus-climax,British,1964
95,4,30,brabham-climax,British,1964
96,5,16,cooper-climax,British,1964
97,6,7,brabham-brm,British,1964
98,7,5,brp,British,1964
99,8,3,lotus-brm,British,1964
100,9,0,honda,Japanese,1964
101,10,0,scirocco,British,1964
102,11,0,derrington,British,1964
103,12,0,porsche,German,1964
104,13,0,brabham-ford,British,1964
105,1,54,lotus-climax,British,1965
106,2,45,brm,British,1965
107,3,27,brabham-climax,British,1965
108,4,26,ferrari,Italian,1965
109,5,14,cooper-climax,British,1965
110,6,11,honda,Japanese,1965
111,7,5,brabham-brm,British,1965
112,8,2,lotus-brm,British,1965
113,9,0,brabham-ford,British,1965
114,10,0,alfa,Swiss,1965
115,11,0,lds-alfa_romeo,South African,1965
116,12,0,cooper-ford,British,1965
117,13,0,lds-climax,South African,1965
118,14,0,lotus-ford,British,1965
119,15,0,re,Rhodesian,1965
120,16,0,cooper-maserati,British,1965
121,1,42,brabham-repco,British,1966
122,2,31,ferrari,Italian,1966
123,3,30,cooper-maserati,British,1966
124,4,22,brm,British,1966
125,5,13,lotus-brm,British,1966
126,6,8,lotus-climax,British,1966
127,7,4,eagle-climax,American,1966
128,8,3,honda,Japanese,1966
129,9,2,mclaren-ford,British,1966
130,10,1,brabham-climax,British,1966
131,11,1,brabham-brm,British,1966
132,12,1,mclaren-seren,British,1966
133,13,0,cooper-ferrari,British,1966
134,14,0,eagle-weslake,American,1966
135,15,0,shannon,British,1966
136,1,63,brabham-repco,British,1967
137,2,44,lotus-ford,British,1967
138,3,28,cooper-maserati,British,1967
139,4,20,honda,Japanese,1967
140,5,20,ferrari,Italian,1967
141,6,17,brm,British,1967
142,7,13,eagle-weslake,American,1967
143,8,6,lotus-brm,British,1967
144,9,6,cooper-climax,British,1967
145,10,3,mclaren-brm,British,1967
146,11,2,brabham-climax,British,1967
147,12,0,mclaren-ford,British,1967
148,13,0,brabham-ford,British,1967
149,14,0,lola,British,1967
150,15,0,lds-climax,South African,1967
151,16,0,lotus-climax,British,1967
152,17,0,eagle-climax,American,1967
153,18,0,matra,French,1967
154,19,0,protos,British,1967
155,20,0,cooper-ats,British,1967
156,1,62,lotus-ford,British,1968
157,2,49,mclaren-ford,British,1968
158,3,45,matra-ford,French,1968
159,4,32,ferrari,Italian,1968
160,5,28,brm,British,1968
161,6,14,honda,Japanese,1968
162,7,14,cooper-brm,British,1968
163,8,10,brabham-repco,British,1968
164,9,8,matra,French,1968
165,10,3,mclaren-brm,British,1968
166,11,0,cooper-maserati,British,1968
167,12,0,eagle-weslake,American,1968
168,13,0,lola,British,1968
169,14,0,mclaren,British,1968
170,15,0,brabham-climax,British,1968
171,16,0,lds,South African,1968
172,17,0,cooper-climax,British,1968
173,1,66,matra-ford,French,1969
174,2,49,brabham-ford,British,1969
175,3,47,lotus-ford,British,1969
176,4,38,mclaren-ford,British,1969
177,5,7,brm,British,1969
178,6,7,ferrari,Italian,1969
179,7,0,cooper-maserati,British,1969
180,8,0,brabham-repco,British,1969
181,9,0,brm-ford,British,1969
182,10,0,brabham-climax,British,1969
183,1,59,team_lotus,British,1970
184,2,52,ferrari,Italian,1970
185,3,48,march,British,1970
186,4,35,brabham,British,1970
187,5,35,mclaren-ford,British,1970
188,6,23,brm,British,1970
189,7,23,matra,French,1970
190,8,3,surtees,British,1970
191,9,0,mclaren-alfa_romeo,British,1970
192,10,0,tomaso,Italian,1970
193,11,0,tyrrell,British,1970
194,12,0,bellasi,Swiss,1970
195,1,73,tyrrell,British,1971
196,2,36,brm,British,1971
197,3,33,ferrari,Italian,1971
198,4,33,march-ford,British,1971
199,5,21,lotus-ford,British,1971
200,6,10,mclaren,British,1971
201,7,9,matra,French,1971
202,8,8,surtees,British,1971
203,9,5,brabham,British,1971
204,10,0,lotus-pw,British,1971
205,11,0,march-alfa_romeo,British,1971
206,12,0,bellasi,Swiss,1971
207,1,61,team_lotus,British,1972
208,2,51,tyrrell,British,1972
209,3,47,mclaren,British,1972
210,4,33,ferrari,Italian,1972
211,5,18,surtees,British,1972
212,6,15,march,British,1972
213,7,14,brm,British,1972
214,8,12,matra,French,1972
215,9,7,brabham,British,1972
216,10,0,tecno,Italian,1972
217,11,0,connew,British,1972
218,12,0,politoys,British,1972
219,1,92,team_lotus,British,1973
220,2,82,tyrrell,British,1973
221,3,58,mclaren,British,1973
222,4,22,brabham,British,1973
223,5,14,march,British,1973
224,6,12,ferrari,Italian,1973
225,7,12,brm,British,1973
226,8,9,shadow,British,1973
227,9,7,surtees,British,1973
228,10,2,iso_marlboro,British,1973
229,11,1,tecno,Italian,1973
230,12,0,ensign,British,1973
231,1,73,mclaren,British,1974
232,2,65,ferrari,Italian,1974
233,3,52,tyrrell,British,1974
234,4,42,team_lotus,British,1974
235,5,35,brabham,British,1974
236,6,15,hesketh,British,1974
237,7,10,brm,British,1974
238,8,7,shadow,British,1974
239,9,6,march,British,1974
240,10,4,iso_marlboro,British,1974
241,11,3,surtees,British,1974
242,12,1,lola,British,1974
243,13,0,parnelli,American,1974
244,14,0,trojan,British,1974
245,15,0,penske,American,1974
246,16,0,token,British,1974
247,17,0,ensign,British,1974
248,18,0,amon,New Zealander,1974
249,19,0,lyncar,British,1974
250,20,0,maki,Japanese,1974
251,1,72.5,ferrari,Italian,1975
252,2,54,brabham,British,1975
253,3,53,mclaren,British,1975
254,4,33,hesketh,British,1975
255,5,25,tyrrell,British,1975
256,6,9.5,shadow-ford,British,1975
257,7,9,team_lotus,British,1975
258,8,7.5,march,British,1975
259,9,6,williams,British,1975
260,10,5,parnelli,American,1975
261,11,3,hill,British,1975
262,12,2,penske,American,1975
263,13,1,ensign,British,1975
264,14,0,surtees,British,1975
265,15,0,brm,British,1975
266,16,0,fittipaldi,Brazilian,1975
267,17,0,lola,British,1975
268,18,0,lyncar,British,1975
269,19,0,shadow-matra,British,1975
270,20,0,maki,Japanese,1975
271,1,83,ferrari,Italian,1976
272,2,74,mclaren,British,1976
273,3,71,tyrrell,British,1976
274,4,29,team_lotus,British,1976
275,5,20,penske,American,1976
276,6,20,ligier,French,1976
277,7,19,march,British,1976
278,8,10,shadow,British,1976
279,9,9,brabham-alfa_romeo,British,1976
280,10,7,surtees,British,1976
281,11,3,fittipaldi,Brazilian,1976
282,12,2,ensign,British,1976
283,13,1,parnelli,American,1976
284,14,0,hesketh,British,1976
285,15,0,wolf,Canadian,1976
286,16,0,boro,Dutch,1976
287,17,0,williams,British,1976
288,18,0,kojima,Japanese,1976
289,19,0,brabham-ford,British,1976
290,20,0,brm,British,1976
291,21,0,maki,Japanese,1976
292,1,95,ferrari,Italian,1977
293,2,62,team_lotus,British,1977
294,3,60,mclaren,British,1977
295,4,55,wolf,Canadian,1977
296,5,27,brabham,British,1977
297,6,27,tyrrell,British,1977
298,7,23,shadow,British,1977
299,8,18,ligier,French,1977
300,9,11,fittipaldi,Brazilian,1977
301,10,10,ensign,British,1977
302,11,6,surtees,British,1977
303,12,1,penske,American,1977
304,13,0,march,British,1977
305,14,0,hesketh,British,1977
306,15,0,kojima,Japanese,1977
307,16,0,lec,British,1977
308,17,0,brm,British,1977
309,18,0,renault,French,1977
310,19,0,boro,Dutch,1977
311,20,0,apollon,Swiss,1977
312,21,0,mcguire,Australian,1977
313,1,86,team_lotus,British,1978
314,2,58,ferrari,Italian,1978
315,3,53,brabham,British,1978
316,4,38,tyrrell,British,1978
317,5,24,wolf,Canadian,1978
318,6,19,ligier,French,1978
319,7,17,fittipaldi,Brazilian,1978
320,8,15,mclaren,British,1978
321,9,11,williams,British,1978
322,10,11,arrows,British,1978
323,11,6,shadow,British,1978
324,12,3,renault,French,1978
325,13,1,surtees,British,1978
326,14,1,ensign,British,1978
327,15,0,ats,Italian,1978
328,16,0,martini,French,1978
329,17,0,merzario,Italian,1978
330,18,0,theodore,Hong Kong,1978
331,19,0,hesketh,British,1978
332,1,113,ferrari,Italian,1979
333,2,75,williams,British,1979
334,3,61,ligier,French,1979
335,4,39,team_lotus,British,1979
336,5,28,tyrrell,British,1979
337,6,26,renault,French,1979
338,7,15,mclaren,British,1979
339,8,7,brabham-alfa_romeo,British,1979
340,9,5,arrows,British,1979
341,10,3,shadow,British,1979
342,11,2,ats,Italian,1979
343,12,1,fittipaldi,Brazilian,1979
344,13,0,brabham-ford,British,1979
345,14,0,wolf,Canadian,1979
346,15,0,ensign,British,1979
347,16,0,alfa,Swiss,1979
348,17,0,rebaque,Mexican,1979
349,18,0,merzario,Italian,1979
350,19,0,kauhsen,German,1979
351,1,120,williams,British,1980
352,2,66,ligier,French,1980
353,3,55,brabham,British,1980
354,4,38,renault,French,1980
355,5,14,team_lotus,British,1980
356,6,12,tyrrell,British,1980
357,7,11,arrows,British,1980
358,8,11,fittipaldi,Brazilian,1980
359,9,11,mclaren,British,1980
360,10,8,ferrari,Italian,1980
361,11,4,alfa,Swiss,1980
362,12,0,ats,Italian,1980
363,13,0,ensign,British,1980
364,14,0,osella,Italian,1980
365,15,0,shadow,British,1980
366,1,95,williams,British,1981
367,2,61,brabham,British,1981
368,3,54,renault,French,1981
369,4,44,ligier,French,1981
370,5,34,ferrari,Italian,1981
371,6,28,mclaren,British,1981
372,7,22,team_lotus,British,1981
373,8,10,arrows,British,1981
374,9,10,alfa,Swiss,1981
375,10,10,tyrrell,British,1981
376,11,5,ensign,British,1981
377,12,1,theodore,Hong Kong,1981
378,13,1,ats,Italian,1981
379,14,0,march,British,1981
380,15,0,fittipaldi,Brazilian,1981
381,16,0,osella,Italian,1981
382,17,0,toleman,British,1981
383,1,74,ferrari,Italian,1982
384,2,69,mclaren,British,1982
385,3,62,renault,French,1982
386,4,58,williams,British,1982
387,5,41,brabham,British,1982
388,6,30,team_lotus,British,1982
389,7,25,tyrrell,British,1982
390,8,20,ligier,French,1982
391,9,7,alfa,Swiss,1982
392,10,5,arrows,British,1982
393,11,4,ats,Italian,1982
394,12,3,osella,Italian,1982
395,13,1,fittipaldi,Brazilian,1982
396,14,0,march,British,1982
397,15,0,ensign,British,1982
398,16,0,toleman,British,1982
399,17,0,theodore,Hong Kong,1982
400,1,89,ferrari,Italian,1983
401,2,79,renault,French,1983
402,3,72,brabham,British,1983
403,4,38,williams,British,1983
404,5,34,mclaren,British,1983
405,6,18,alfa,Swiss,1983
406,7,12,tyrrell,British,1983
407,8,12,team_lotus,British,1983
408,9,10,toleman,British,1983
409,10,4,arrows,British,1983
410,11,1,theodore,Hong Kong,1983
411,12,0,ligier,French,1983
412,13,0,spirit,British,1983
413,14,0,ats,Italian,1983
414,15,0,osella,Italian,1983
415,16,0,ram,British,1983
416,1,143.5,mclaren,British,1984
417,2,57.5,ferrari,Italian,1984
418,3,47,team_lotus,British,1984
419,4,38,brabham,British,1984
420,5,34,renault,French,1984
421,6,25.5,williams,British,1984
422,7,16,toleman,British,1984
423,8,11,alfa,Swiss,1984
424,9,6,arrows,British,1984
425,10,3,ligier,French,1984
426,11,2,osella,Italian,1984
427,12,0,ats,Italian,1984
428,13,0,spirit,British,1984
429,14,0,ram,British,1984
430,15,0,tyrrell,British,1984
431,1,90,mclaren,British,1985
432,2,82,ferrari,Italian,1985
433,3,71,williams,British,1985
434,4,71,team_lotus,British,1985
435,5,26,brabham,British,1985
436,6,23,ligier,French,1985
437,7,16,renault,French,1985
438,8,14,arrows,British,1985
439,9,7,tyrrell,British,1985
440,10,0,osella,Italian,1985
441,11,0,minardi,Italian,1985
442,12,0,alfa,Swiss,1985
443,13,0,ram,British,1985
444,14,0,zakspeed,German,1985
445,15,0,toleman,British,1985
446,16,0,spirit,British,1985
447,17,0,lola,British,1985
448,1,141,williams,British,1986
449,2,96,mclaren,British,1986
450,3,58,team_lotus,British,1986
451,4,37,ferrari,Italian,1986
452,5,29,ligier,French,1986
453,6,19,benetton,Italian,1986
454,7,11,tyrrell,British,1986
455,8,6,lola,British,1986
456,9,2,brabham,British,1986
457,10,1,arrows,British,1986
458,11,0,zakspeed,German,1986
459,12,0,minardi,Italian,1986
460,13,0,osella,Italian,1986
461,14,0,ags,French,1986
462,1,137,williams,British,1987
463,2,76,mclaren,British,1987
464,3,64,team_lotus,British,1987
465,4,53,ferrari,Italian,1987
466,5,28,benetton,Italian,1987
467,6,11,tyrrell,British,1987
468,7,11,arrows,British,1987
469,8,10,brabham,British,1987
470,9,3,larrousse,French,1987
471,10,2,zakspeed,German,1987
472,11,1,ligier,French,1987
473,12,1,ags,French,1987
474,13,1,march,British,1987
475,14,0,minardi,Italian,1987
476,15,0,osella,Italian,1987
477,16,0,coloni,Italian,1987
478,1,199,mclaren,British,1988
479,2,65,ferrari,Italian,1988
480,3,39,benetton,Italian,1988
481,4,23,team_lotus,British,1988
482,5,23,arrows,British,1988
483,6,22,march,British,1988
484,7,20,williams,British,1988
485,8,5,tyrrell,British,1988
486,9,3,rial,German,1988
487,10,1,minardi,Italian,1988
488,11,0,larrousse,French,1988
489,12,0,dallara,Italian,1988
490,13,0,ags,French,1988
491,14,0,coloni,Italian,1988
492,15,0,ligier,French,1988
493,16,0,osella,Italian,1988
494,17,0,eurobrun,Italian,1988
495,18,0,zakspeed,German,1988
496,1,141,mclaren,British,1989
497,2,77,williams,British,1989
498,3,59,ferrari,Italian,1989
499,4,39,benetton,Italian,1989
500,5,16,tyrrell,British,1989
501,6,15,team_lotus,British,1989
502,7,13,arrows,British,1989
503,8,8,dallara,Italian,1989
504,9,8,brabham,British,1989
505,10,6,onyx,British,1989
506,11,6,minardi,Italian,1989
507,12,4,march,British,1989
508,13,3,rial,German,1989
509,14,3,ligier,French,1989
510,15,1,ags,French,1989
511,16,1,larrousse,French,1989
512,17,0,osella,Italian,1989
513,18,0,coloni,Italian,1989
514,19,0,zakspeed,German,1989
515,20,0,eurobrun,Italian,1989
516,1,121,mclaren,British,1990
517,2,110,ferrari,Italian,1990
518,3,71,benetton,Italian,1990
519,4,57,williams,British,1990
520,5,16,tyrrell,British,1990
521,6,11,larrousse,French,1990
522,7,7,leyton,British,1990
523,8,3,team_lotus,British,1990
524,9,2,arrows,British,1990
525,10,2,brabham,British,1990
526,11,0,ligier,French,1990
527,12,0,minardi,Italian,1990
528,13,0,onyx,British,1990
529,14,0,ags,French,1990
530,15,0,dallara,Italian,1990
531,16,0,osella,Italian,1990
532,17,0,eurobrun,Italian,1990
533,18,0,coloni,Italian,1990
534,19,0,life,Italian,1990
535,1,139,mclaren,British,1991
536,2,125,williams,British,1991
537,3,55.5,ferrari,Italian,1991
538,4,38.5,benetton,Italian,1991
539,5,13,jordan,Irish,1991
540,6,12,tyrrell,British,1991
541,7,6,minardi,Italian,1991
542,8,5,dallara,Italian,1991
543,9,3,team_lotus,British,1991
544,10,3,brabham,British,1991
545,11,1,leyton,British,1991
546,12,1,lola,British,1991
547,13,1,larrousse,French,1991
548,14,0,ligier,French,1991
549,15,0,lambo,Italian,1991
550,16,0,ags,French,1991
551,17,0,fondmetal,Italian,1991
552,18,0,footwork,British,1991
553,19,0,coloni,Italian,1991
554,1,164,williams,British,1992
555,2,99,mclaren,British,1992
556,3,91,benetton,Italian,1992
557,4,21,ferrari,Italian,1992
558,5,13,team_lotus,British,1992
559,6,8,tyrrell,British,1992
560,7,6,footwork,British,1992
561,8,6,ligier,French,1992
562,9,3,march,British,1992
563,10,2,dallara,Italian,1992
564,11,1,jordan,Irish,1992
565,12,1,minardi,Italian,1992
566,13,1,larrousse,French,1992
567,14,0,fondmetal,Italian,1992
568,15,0,brabham,British,1992
569,1,168,williams,British,1993
570,2,84,mclaren,British,1993
571,3,72,benetton,Italian,1993
572,4,28,ferrari,Italian,1993
573,5,23,ligier,French,1993
574,6,12,team_lotus,British,1993
575,7,12,sauber,Swiss,1993
576,8,7,minardi,Italian,1993
577,9,4,footwork,British,1993
578,10,3,larrousse,French,1993
579,11,3,jordan,Irish,1993
580,12,0,lola,British,1993
581,13,0,tyrrell,British,1993
582,1,118,williams,British,1994
583,2,103,benetton,Italian,1994
584,3,71,ferrari,Italian,1994
585,4,42,mclaren,British,1994
586,5,28,jordan,Irish,1994
587,6,13,ligier,French,1994
588,7,13,tyrrell,British,1994
589,8,12,sauber,Swiss,1994
590,9,9,footwork,British,1994
591,10,5,minardi,Italian,1994
592,11,2,larrousse,French,1994
593,12,0,team_lotus,British,1994
594,13,0,simtek,British,1994
595,14,0,pacific,British,1994
596,1,147,benetton,Italian,1995
597,2,118,williams,British,1995
598,3,73,ferrari,Italian,1995
599,4,30,mclaren,British,1995
600,5,24,ligier,French,1995
601,6,21,jordan,Irish,1995
602,7,18,sauber,Swiss,1995
603,8,5,footwork,British,1995
604,9,5,tyrrell,British,1995
605,10,1,minardi,Italian,1995
606,11,0,forti,Italian,1995
607,12,0,pacific,British,1995
608,13,0,simtek,British,1995
609,1,175,williams,British,1996
610,2,70,ferrari,Italian,1996
611,3,68,benetton,Italian,1996
612,4,49,mclaren,British,1996
613,5,22,jordan,Irish,1996
614,6,15,ligier,French,1996
615,7,11,sauber,Swiss,1996
616,8,5,tyrrell,British,1996
617,9,1,footwork,British,1996
618,10,0,minardi,Italian,1996
619,11,0,forti,Italian,1996
620,1,123,williams,British,1997
621,2,102,ferrari,Italian,1997
622,3,67,benetton,Italian,1997
623,4,63,mclaren,British,1997
624,5,33,jordan,Irish,1997
625,6,21,prost,French,1997
626,7,16,sauber,Swiss,1997
627,8,9,arrows,British,1997
628,9,6,stewart,British,1997
629,10,2,tyrrell,British,1997
630,11,0,minardi,Italian,1997
631,12,0,lola,British,1997
632,1,156,mclaren,British,1998
633,2,133,ferrari,Italian,1998
634,3,38,williams,British,1998
635,4,34,jordan,Irish,1998
636,5,33,benetton,Italian,1998
637,6,10,sauber,Swiss,1998
638,7,6,arrows,British,1998
639,8,5,stewart,British,1998
640,9,1,prost,French,1998
641,10,0,minardi,Italian,1998
642,11,0,tyrrell,British,1998
643,1,128,ferrari,Italian,1999
644,2,124,mclaren,British,1999
645,3,61,jordan,Irish,1999
646,4,36,stewart,British,1999
647,5,35,williams,British,1999
648,6,16,benetton,Italian,1999
649,7,9,prost,French,1999
650,8,5,sauber,Swiss,1999
651,9,1,arrows,British,1999
652,10,1,minardi,Italian,1999
653,11,0,bar,British,1999
654,1,170,ferrari,Italian,2000
655,2,162,mclaren,British,2000
656,3,36,williams,British,2000
657,4,20,benetton,Italian,2000
658,5,20,bar,British,2000
659,6,17,jordan,Irish,2000
660,7,7,arrows,British,2000
661,8,6,sauber,Swiss,2000
662,9,4,jaguar,British,2000
663,10,0,minardi,Italian,2000
664,11,0,prost,French,2000
665,1,179,ferrari,Italian,2001
666,2,102,mclaren,British,2001
667,3,80,williams,British,2001
668,4,21,sauber,Swiss,2001
669,5,19,jordan,Irish,2001
670,6,17,bar,British,2001
671,7,10,benetton,Italian,2001
672,8,9,jaguar,British,2001
673,9,4,prost,French,2001
674,10,1,arrows,British,2001
675,11,0,minardi,Italian,2001
676,1,221,ferrari,Italian,2002
677,2,92,williams,British,2002
678,3,65,mclaren,British,2002
679,4,23,renault,French,2002
680,5,11,sauber,Swiss,2002
681,6,9,jordan,Irish,2002
682,7,8,jaguar,British,2002
683,8,7,bar,British,2002
684,9,2,minardi,Italian,2002
685,10,2,toyota,Japanese,2002
686,11,2,arrows,British,2002
687,1,158,ferrari,Italian,2003
688,2,144,williams,British,2003
689,3,142,mclaren,British,2003
690,4,88,renault,French,2003
691,5,26,bar,British,2003
692,6,19,sauber,Swiss,2003
693,7,18,jaguar,British,2003
694,8,16,toyota,Japanese,2003
695,9,13,jordan,Irish,2003
696,10,0,minardi,Italian,2003
697,1,262,ferrari,Italian,2004
698,2,119,bar,British,2004
699,3,105,renault,French,2004
700,4,88,williams,British,2004
701,5,69,mclaren,British,2004
702,6,34,sauber,Swiss,2004
703,7,10,jaguar,British,2004
704,8,9,toyota,Japanese,2004
705,9,5,jordan,Irish,2004
706,10,1,minardi,Italian,2004
707,1,191,renault,French,2005
708,2,182,mclaren,British,2005
709,3,100,ferrari,Italian,2005
710,4,88,toyota,Japanese,2005
711,5,66,williams,British,2005
712,6,38,bar,British,2005
713,7,34,red_bull,Austrian,2005
714,8,20,sauber,Swiss,2005
715,9,12,jordan,Irish,2005
716,10,7,minardi,Italian,2005
717,1,206,renault,French,2006
718,2,201,ferrari,Italian,2006
719,3,110,mclaren,British,2006
720,4,86,honda,Japanese,2006
721,5,36,bmw_sauber,German,2006
722,6,35,toyota,Japanese,2006
723,7,16,red_bull,Austrian,2006
724,8,11,williams,British,2006
725,9,1,toro_rosso,Italian,2006
726,10,0,mf1,Russian,2006
727,11,0,super_aguri,Japanese,2006
728,12,0,spyker_mf1,Dutch,2006
729,1,204,ferrari,Italian,2007
730,2,101,bmw_sauber,German,2007
731,3,51,renault,French,2007
732,4,33,williams,British,2007
733,5,24,red_bull,Austrian,2007
734,6,13,toyota,Japanese,2007
735,7,8,toro_rosso,Italian,2007
736,8,6,honda,Japanese,2007
737,9,4,super_aguri,Japanese,2007
738,10,1,spyker,Dutch,2007
739,11,218,mclaren,British,2007
740,1,172,ferrari,Italian,2008
741,2,151,mclaren,British,2008
742,3,135,bmw_sauber,German,2008
743,4,80,renault,French,2008
744,5,56,toyota,Japanese,2008
745,6,39,toro_rosso,Italian,2008
746,7,29,red_bull,Austrian,2008
747,8,26,williams,British,2008
748,9,14,honda,Japanese,2008
749,10,0,force_india,Indian,2008
750,11,0,super_aguri,Japanese,2008
751,1,172,brawn,British,2009
752,2,153.5,red_bull,Austrian,2009
753,3,71,mclaren,British,2009
754,4,70,ferrari,Italian,2009
755,5,59.5,toyota,Japanese,2009
756,6,36,bmw_sauber,German,2009
757,7,34.5,williams,British,2009
758,8,26,renault,French,2009
759,9,13,force_india,Indian,2009
760,10,8,toro_rosso,Italian,2009
761,1,498,red_bull,Austrian,2010
762,2,454,mclaren,British,2010
763,3,396,ferrari,Italian,2010
764,4,214,mercedes,German,2010
765,5,163,renault,French,2010
766,6,69,williams,British,2010
767,7,68,force_india,Indian,2010
768,8,44,sauber,Swiss,2010
769,9,13,toro_rosso,Italian,2010
770,10,0,lotus_racing,Malaysian,2010
771,11,0,hrt,Spanish,2010
772,12,0,virgin,British,2010
773,1,650,red_bull,Austrian,2011
774,2,497,mclaren,British,2011
775,3,375,ferrari,Italian,2011
776,4,165,mercedes,German,2011
777,5,73,renault,French,2011
778,6,69,force_india,Indian,2011
779,7,44,sauber,Swiss,2011
780,8,41,toro_rosso,Italian,2011
781,9,5,williams,British,2011
782,10,0,lotus_racing,Malaysian,2011
783,11,0,hrt,Spanish,2011
784,12,0,virgin,British,2011
785,1,460,red_bull,Austrian,2012
786,2,400,ferrari,Italian,2012
787,3,378,mclaren,British,2012
788,4,303,lotus_f1,British,2012
789,5,142,mercedes,German,2012
790,6,126,sauber,Swiss,2012
791,7,109,force_india,Indian,2012
792,8,76,williams,British,2012
793,9,26,toro_rosso,Italian,2012
794,10,0,caterham,Malaysian,2012
795,11,0,marussia,Russian,2012
796,12,0,hrt,Spanish,2012
797,1,596,red_bull,Austrian,2013
798,2,360,mercedes,German,2013
799,3,354,ferrari,Italian,2013
800,4,315,lotus_f1,British,2013
801,5,122,mclaren,British,2013
802,6,77,force_india,Indian,2013
803,7,57,sauber,Swiss,2013
804,8,33,toro_rosso,Italian,2013
805,9,5,williams,British,2013
806,10,0,marussia,Russian,2013
807,11,0,caterham,Malaysian,2013
808,1,701,mercedes,German,2014
809,2,405,red_bull,Austrian,2014
810,3,320,williams,British,2014
811,4,216,ferrari,Italian,2014
812,5,181,mclaren,British,2014
813,6,155,force_india,Indian,2014
814,7,30,toro_rosso,Italian,2014
815,8,10,lotus_f1,British,2014
816,9,2,marussia,Russian,2014
817,10,0,sauber,Swiss,2014
818,11,0,caterham,Malaysian,2014
819,1,703,mercedes,German,2015
820,2,428,ferrari,Italian,2015
821,3,257,williams,British,2015
822,4,187,red_bull,Austrian,2015
823,5,136,force_india,Indian,2015
824,6,78,lotus_f1,British,2015
825,7,67,toro_rosso,Italian,2015
826,8,36,sauber,Swiss,2015
827,9,27,mclaren,British,2015
828,10,0,manor,British,2015
829,1,765,mercedes,German,2016
830,2,468,red_bull,Austrian,2016
831,3,398,ferrari,Italian,2016
832,4,173,force_india,Indian,2016
833,5,138,williams,British,2016
834,6,76,mclaren,British,2016
835,7,63,toro_rosso,Italian,2016
836,8,29,haas,American,2016
837,9,8,renault,French,2016
838,10,2,sauber,Swiss,2016
839,11,1,manor,British,2016
840,1,668,mercedes,German,2017
841,2,522,ferrari,Italian,2017
842,3,368,red_bull,Austrian,2017
843,4,187,force_india,Indian,2017
844,5,83,williams,British,2017
845,6,57,renault,French,2017
846,7,53,toro_rosso,Italian,2017
847,8,47,haas,American,2017
848,9,30,mclaren,British,2017
849,10,5,sauber,Swiss,2017
850,1,655,mercedes,German,2018
851,2,571,ferrari,Italian,2018
852,3,419,red_bull,Austrian,2018
853,4,122,renault,French,2018
854,5,93,haas,American,2018
855,6,62,mclaren,British,2018
856,7,52,force_india,Indian,2018
857,8,48,sauber,Swiss,2018
858,9,33,toro_rosso,Italian,2018
859,10,7,williams,British,2018
860,1,739,mercedes,German,2019
861,2,504,ferrari,Italian,2019
862,3,417,red_bull,Austrian,2019
863,4,145,mclaren,British,2019
864,5,91,renault,French,2019
865,6,85,toro_rosso,Italian,2019
866,7,73,racing_point,British,2019
867,8,57,alfa,Swiss,2019
868,9,28,haas,American,2019
869,10,1,williams,British,2019
870,1,573,mercedes,German,2020
871,2,319,red_bull,Austrian,2020
872,3,202,mclaren,British,2020
873,4,195,racing_point,British,2020
874,5,181,renault,French,2020
875,6,131,ferrari,Italian,2020
876,7,107,alphatauri,Italian,2020
877,8,8,alfa,Swiss,2020
878,9,3,haas,American,2020
879,10,0,williams,British,2020
880,1,613.5,mercedes,German,2021
881,2,585.5,red_bull,Austrian,2021
882,3,323.5,ferrari,Italian,2021
883,4,275,mclaren,British,2021
884,5,155,alpine,French,2021
885,6,142,alphatauri,Italian,2021
886,7,77,aston_martin,British,2021
887,8,23,williams,British,2021
888,9,13,alfa,Swiss,2021
889,10,0,haas,American,2021
890,1,759,red_bull,Austrian,2022
891,2,554,ferrari,Italian,2022
892,3,515,mercedes,German,2022
893,4,173,alpine,French,2022
894,5,159,mclaren,British,2022
895,6,55,alfa,Swiss,2022
896,7,55,aston_martin,British,2022
897,8,37,haas,American,2022
898,9,35,alphatauri,Italian,2022
899,10,8,williams,British,2022
900,1,860,red_bull,Austrian,2023
901,2,409,mercedes,German,2023
902,3,406,ferrari,Italian,2023
903,4,302,mclaren,British,2023
904,5,280,aston_martin,British,2023
905,6,120,alpine,French,2023
906,7,28,williams,British,2023
907,8,25,alphatauri,Italian,2023
908,9,16,alfa,Swiss,2023
909,10,12,haas,American,2023
910,1,666,mclaren,British,2024
911,2,652,ferrari,Italian,2024
912,3,589,red_bull,Austrian,2024
913,4,468,mercedes,German,2024
914,5,94,aston_martin,British,2024
915,6,65,alpine,French,2024
916,7,58,haas,American,2024
917,8,46,rb,Italian,2024
918,9,17,williams,British,2024
919,10,4,sauber,Swiss,2024
